ip,anonymityLevel,asn,country,isp,latency,org,port,protocols,responseTime,speed,updated_at,upTime,upTimeSuccessCount,upTimeTryCount
"152.67.94.191","elite","N/A","US","N/A","153","N/A","8118","https","N/A","N/A","2021-11-25T19:03:38.490Z","100","1","1"
"5.188.182.54","elite","N/A","RU","N/A","147","N/A","3128","https","N/A","N/A","2021-11-25T19:03:38.965Z","100","3602","3604"
"185.34.22.225","elite","N/A","RU","N/A","220","N/A","37879","https","N/A","N/A","2021-11-25T19:03:36.846Z","100","1","1"
"143.110.151.242","elite","N/A","US","N/A","3","N/A","3128","https","N/A","N/A","2021-11-25T19:03:35.942Z","100","3589","3590"
"195.170.38.230","elite","N/A","RU","N/A","182","N/A","8080","https","N/A","368","2021-11-25T19:03:29.398Z","100","1","1"
"79.143.87.117","anonymous","N/A","GB","N/A","135","N/A","9090","https","N/A","N/A","2021-11-25T19:03:28.517Z","100","3607","3614"
"185.230.4.233","elite","N/A","BG","N/A","177","N/A","55443","https","N/A","N/A","2021-11-25T19:03:16.759Z","100","1","1"
"147.135.255.62","elite","AS16276","FR","OVH SAS","140","OVH","8278","https","61","439","2021-11-25T19:03:13.423Z","100","43","43"
"176.120.206.135","elite","N/A","RU","N/A","255","N/A","55443","https","N/A","687","2021-11-25T19:03:07.051Z","100","1","1"
"43.230.131.123","elite","N/A","ID","N/A","202","N/A","8083","https","N/A","372","2021-11-25T19:03:03.575Z","100","1","1"
"95.67.65.18","elite","AS34867","UA","Cosmonova","176","N/A","53281","https","35","N/A","2021-11-25T19:03:02.295Z","100","3570","3574"
"14.238.99.105","elite","N/A","VN","N/A","N/A","N/A","3128","https","N/A","378","2021-11-25T19:03:00.246Z","0","0","1"
"139.255.89.2","elite","N/A","ID","N/A","213","N/A","8080","https","N/A","N/A","2021-11-25T19:02:55.184Z","100","1","1"
"95.111.225.137","elite","N/A","UA","N/A","217","N/A","443","https","N/A","5001","2021-11-25T19:02:46.232Z","100","1","1"
"77.40.252.172","elite","N/A","NO","N/A","156","N/A","8080","https","N/A","N/A","2021-11-25T19:02:36.433Z","100","1","1"
"43.224.10.19","elite","N/A","IN","N/A","259","N/A","6666","https","N/A","N/A","2021-11-25T19:02:36.645Z","100","1","1"
"8.218.242.27","elite","N/A","SG","N/A","153","N/A","59394","https","N/A","N/A","2021-11-25T19:02:33.287Z","100","1","1"
"51.15.217.77","anonymous","N/A","FR","N/A","151","N/A","3128","https","N/A","N/A","2021-11-25T19:02:31.627Z","100","3597","3605"
"58.97.72.83","elite","N/A","TH","N/A","251","N/A","8080","https","N/A","955","2021-11-25T19:02:31.382Z","100","1","1"
"8.218.87.15","elite","N/A","SG","N/A","151","N/A","59394","https","N/A","N/A","2021-11-25T19:02:29.261Z","100","1","1"
"85.173.165.36","elite","N/A","RU","N/A","N/A","N/A","46330","https","N/A","5000","2021-11-25T19:02:26.791Z","0","0","1"
"51.15.181.223","anonymous","N/A","FR","N/A","151","N/A","3128","https","N/A","469","2021-11-25T19:02:24.435Z","100","1","1"
"213.203.177.217","elite","N/A","IT","N/A","178","N/A","443","https","N/A","5001","2021-11-25T19:02:23.677Z","100","1","1"
"89.28.37.7","elite","N/A","MD","N/A","197","N/A","8080","https","N/A","407","2021-11-25T19:02:17.672Z","100","1","1"
"50.233.228.147","anonymous","N/A","US","N/A","28","N/A","8080","https","N/A","57","2021-11-25T19:02:17.733Z","100","3575","3576"
"81.24.90.43","elite","N/A","RU","N/A","229","N/A","41258","https","N/A","539","2021-11-25T19:02:16.375Z","100","1","1"
"47.243.160.201","elite","N/A","US","N/A","151","N/A","59394","https","N/A","N/A","2021-11-25T19:02:13.470Z","100","1","1"
"95.216.12.141","elite","N/A","FI","N/A","167","N/A","20042","https","N/A","346","2021-11-25T19:02:09.458Z","100","1","1"
"93.157.163.66","elite","N/A","RU","N/A","203","N/A","35081","https","N/A","N/A","2021-11-25T19:02:08.409Z","100","1","1"
"89.188.110.196","elite","N/A","RU","N/A","196","N/A","8080","https","N/A","N/A","2021-11-25T19:02:00.773Z","100","1","1"
"80.93.213.213","elite","N/A","TR","N/A","199","N/A","3136","https","N/A","639","2021-11-25T19:01:53.729Z","100","1","1"
"46.0.140.87","elite","N/A","RU","N/A","201","N/A","55443","https","N/A","N/A","2021-11-25T19:01:49.700Z","100","1","1"
"41.203.37.20","elite","N/A","ZA","N/A","310","N/A","6969","https","N/A","N/A","2021-11-25T19:01:44.153Z","100","1","1"
"35.246.12.184","elite","N/A","US","N/A","N/A","N/A","8080","https","N/A","442","2021-11-25T19:01:37.230Z","0","0","1"
"113.160.37.152","elite","N/A","VN","N/A","185","N/A","53281","https","N/A","381","2021-11-25T19:01:24.441Z","100","1","1"
"114.6.88.238","elite","N/A","ID","N/A","222","N/A","60811","https","N/A","688","2021-11-25T19:01:18.623Z","100","1","1"
"118.71.225.109","elite","N/A","VN","N/A","196","N/A","4001","https","N/A","438","2021-11-25T19:01:13.075Z","100","1","1"
"37.59.186.237","elite","N/A","ES","N/A","149","N/A","3128","https","N/A","446","2021-11-25T19:01:07.231Z","100","1","1"
"124.41.213.201","elite","N/A","NP","N/A","284","N/A","39272","https","N/A","1368","2021-11-25T19:01:03.029Z","100","1","1"
"46.35.249.189","elite","N/A","UA","N/A","227","N/A","41419","https","N/A","450","2021-11-25T19:01:02.022Z","100","1","1"
"104.128.228.69","elite","N/A","US","N/A","11","N/A","8118","https","N/A","18","2021-11-25T19:00:51.560Z","100","1","1"
"103.255.53.98","elite","N/A","ID","N/A","194","N/A","56031","https","N/A","382","2021-11-25T19:00:46.415Z","100","1","1"
"109.173.68.192","elite","N/A","RU","N/A","189","N/A","8000","https","N/A","N/A","2021-11-25T19:00:38.216Z","100","1","1"
"197.248.184.157","elite","N/A","KE","N/A","322","N/A","53281","https","N/A","N/A","2021-11-25T19:00:29.507Z","100","1","1"
"194.182.65.242","elite","N/A","CZ","N/A","165","N/A","8081","https","N/A","N/A","2021-11-25T19:00:28.466Z","100","1","1"
"197.248.83.89","elite","N/A","KE","N/A","510","N/A","6969","https","N/A","2182","2021-11-25T19:00:21.751Z","100","1","1"
"101.32.15.180","elite","N/A","CN","N/A","156","N/A","59394","https","N/A","N/A","2021-11-25T19:00:17.493Z","100","1","1"
"51.159.24.172","elite","AS12876","FR","Online S.A.S.","143","ONLINE","3162","https","36","N/A","2021-06-29T13:02:08.899Z","100","56","56"
"147.135.255.62","elite","AS16276","FR","OVH SAS","142","OVH","8139","https","61","296","2021-06-29T13:02:00.860Z","100","38","38"
"147.135.255.62","elite","AS16276","FR","OVH SAS","142","OVH","8256","https","39","292","2021-06-29T13:00:54.779Z","100","47","47"